"table s11: visibility of police foot patrols, by personal characteristics, year ending march 2020 csew",unnamed: 1,unnamed: 2,unnamed: 4,unnamed: 5,unnamed: 6,age_band
England and Wales,,,,,Adults aged 16 and over,unknown
Personal characteristic1,"High visibility of police2,3,4",Unweighted base - number of adults3,Personal characteristic1,"High visibility of police2,3,4",Unweighted base - number of adults3,unknown
,Percentage,,,Percentage,,unknown
ALL ADULTS,15.44506150354218,8749,Respondent's employment status,,,unknown
,,,In employment,16.57941977202091,4962,unknown
16-24,22.921932242073492,566,Unemployed,22.406716190542227,153,unknown
25-34,21.18096595803259,1213,Economically inactive,13.108141995423084,3625,unknown
35-44,19.887329556387947,1391,Student,26.443870688859505,192,unknown
45-54,14.257267343945578,1450,Looking after family/home,20.715760654673485,377,unknown
55-64,10.836348667601845,1422,Long-term/temporarily sick/ill,15.997268189658712,345,unknown
65-74,8.636172140371299,1445,Retired,8.165880397217503,2620,unknown
75+,6.504092031207935,1262,Other inactive,18.75296225862579,91,unknown
Men,17.26870936555005,4013,Respondent's occupation,,,unknown
,,,Managerial and professional occupations,13.048302898331368,3212,unknown
16-24,24.380070865334016,276,Intermediate occupations,13.277504649482397,1997,unknown
25-34,23.83567306114568,514,Routine and manual occupations,16.934474542019746,2887,unknown
35-44,22.587621359067693,622,Never worked and long-term unemployed,20.993463936772788,292,unknown
45-54,13.916229664800348,645,Full-time students,26.141888449125638,265,unknown
55-64,12.377035539908462,699,Not classified,14.00152793917478,96,unknown
65-74,10.645845065460827,687,,,,unknown
75+,8.06065492895898,570,Highest qualification,,,unknown
,,,Degree or diploma,15.390786776493634,3622,unknown
Women,13.715935454923178,4736,Apprenticeship or A/AS level,17.556032374133476,1553,unknown
,,,O level/GCSE,14.036209822017456,1547,unknown
16-24,21.370318608075543,290,Other,20.828918489860424,442,unknown
25-34,18.63855865105281,699,,13.358828807677032,1552,unknown
35-44,17.127391683830563,769,,,,unknown
45-54,14.562219566293392,805,Disability5,,,unknown
55-64,9.3569366334235,723,Disabled,12.663403428850895,1698,unknown
65-74,6.829973810287257,758,Not disabled,15.946867710085977,7023,unknown
75+,5.21686122245745,692,,,,unknown
,,,Religion,,,unknown
Ethnic group,,,No religion,15.742964843402962,3235,unknown
White ,13.601683232048261,7743,Christian,13.426272925315008,4883,unknown
   English/Welsh/Scottish/Northern Irish/British,12.07461909713365,7168,Buddhist,-,37,unknown
   Irish,~,~,Hindu,19.422128438992637,131,unknown
   Gypsy or Irish Traveller,-,~,Muslim,31.675397456133584,330,unknown
   Any other White background,29.757399189784273,512,Other,14.12668616825198,96,unknown
Mixed/Multiple,20.817592422957944,113,,,,unknown
   White and Black Caribbean,-,42,Sexual orientation6,,,unknown
   White and Black African,-,18,Heterosexual/straight,16.04857864730504,6607,unknown
   White and Asian,-,28,Gay/Lesbian,22.83681325761129,107,unknown
   Any other Mixed/Multiple ethnic background,-,25,Bisexual,19.536962147021377,83,unknown
Asian/Asian British,26.427691166242706,541,Other,-,30,unknown
   Indian,20.4788554523832,203,,,,unknown
   Pakistani,27.758694228023174,132,Overall level of perceived anti social behaviour,,,unknown
   Bangladeshi,38.261787580896666,55,High,20.821983658027747,566,unknown
   Chinese,17.235237491601723,57,Not high,15.000480808762049,7813,unknown
   Any other Asian background,32.10839508199202,94,,,,unknown
Black/African/Caribbean/Black British,27.61068104824989,252,Experience of crime in last 12 months (including fraud and computer misuse),,,unknown
   African,30.984782603812196,151,Victim,18.920147110442826,1490,unknown
   Caribbean,23.317023270026212,78,Not a victim,14.674583098241682,7259,unknown
   Any other Black/African/Caribbean background,-,23,,,,unknown
Other ethnic group,28.753618628972692,85,Hours out of home on an average weekday,,,unknown
   Arab,-,32,Less than 3 hours,12.083798110443322,2839,unknown
   Any other ethnic group,18.387589913820605,53,3 hours or more but less than 7 hours,17.688334657842304,2352,unknown
,,,7 hours or longer,16.24101879637319,3521,unknown
Marital status,,,,,,unknown
Married/civil partnered,12.560164492172493,3977,Number of evening visits to pub/bar in the last month,,,unknown
Cohabiting,18.59449579863465,867,,15.576383326311797,4700,unknown
Single,20.89235680401095,1955,Less than once a week ,14.55528755872289,2577,unknown
Separated,24.008100640510715,261,Once a week or more often,16.534549837391424,1470,unknown
Divorced/legally dissolved partnership,13.378365179584861,784,,,,unknown
Widowed,8.23784829693118,886,Number of visits to a nightclub/disco in the last month,,,unknown
,,,,15.118412591780492,8335,unknown
,,,1-3 times a month,21.736125954380405,360,unknown
,,,4+ times a month,12.759641580706587,53,unknown
 Source: Office for National Statistics - Crime Survey for England and Wales,,,,,,unknown
1. See Section 7.3 of the User Guide for definitions of personal characteristics.,,,,,,unknown
2. The question on visibility of police on foot patrols is only asked of a quarter of the CSEW sample.,,,,,,unknown
"3. Those that responded ""Don't know"" or ""Don't wish to answer"" have been excluded from this table.",,,,,,unknown
"4. The visibility of police on foot patrols is classified as high if the respondent said they see police officers or Police Community Support Officers (PCSOs) on foot patrol in their local area more than once a day, once a day or about once a week. ",,,,,,unknown
"5. The definition of disability used is consistent with the core definition of disability under the Equality Act 2010. A person is considered to have a disability if they have a long-standing illness, disability or impairment which causes difficulty with day-to-day activities.",,,,,,unknown
"6. The terminology used to label this data has been changed to 'sexual orientation' from 'sexual identity' to align with terminology used in legislation (Equality Act 2010). Sexual Orientation is an umbrella concept which encompasses sexual identity, attraction and behaviour. This question described within this principle is based on a substantial body of research and is designed to capture self-perceived Sexual Identity. An individual could respond differently to questions on either sexual identity, attraction or behaviour. The measurement of Sexual Identity was identified within the research as the component of Sexual Orientation most closely related to experiences of disadvantage and discrimination. The question was not designed for specific or detailed studies of sexual behaviour or attraction where a series of more detailed questions and answer categories might be more appropriate.",,,,,,unknown
"""-"" indicates that data are not reported because the unweighted base is fewer than 50.",,,,,,unknown
""" ~ "" denotes that figures have been suppressed due to disclosure constraints.",,,,,,unknown
