"Crime in England & Wales, year ending March 2019 - Supplementary tables",age_band,flag_depression,flag_anxiety,flag_comorbid
,unknown,0,0,0
"For explanatory notes on these statistics, see the User Guide to Crime Statistics for England and Wales",unknown,0,0,0
Data tables shown in this workbook relate to the Crime Survey for England and Wales (CSEW).,unknown,0,0,0
The data contained in this file comprise:,unknown,0,0,0
Perception of the Police,unknown,0,0,0
"Table S1: Trends in ratings of the local police, year ending March 2004 to year ending March 2019 CSEW",unknown,0,0,0
"Table S2: Ratings of the local police, by personal characteristics, year ending March 2019 CSEW",unknown,0,0,0
"Table S3: Ratings of the local police, by household and area characteristics, year ending March 2019 CSEW",unknown,0,0,0
"Table S4: Trends in ratings and perceptions of the local police, year ending March 2006 to year ending March 2019 CSEW",unknown,0,0,0
"Table S5: Perceptions of the local police by personal characteristics, year ending March 2019 CSEW",unknown,0,0,0
"Table S6: Perceptions of the local police by household and area characteristics, year ending March 2019 CSEW",unknown,0,0,0
"Table S7: Trends in public confidence in the police and local council, year ending March 2008 to year ending March 2019 CSEW",unknown,0,0,0
"Table S8: Public confidence in the police and local council by personal characteristics, year ending March 2019 CSEW",unknown,0,0,0
"Table S9: Public confidence in the police and local council by household and area characteristics, year ending March 2019 CSEW",unknown,0,0,0
"Table S10: Trends in visibility of police foot patrols, years ending March 2007 to March 2019 CSEW",unknown,0,0,0
"Table S11: Visibility of police foot patrols, by personal characteristics, year ending March 2019 CSEW",unknown,0,0,0
"Table S12: Visibility of police foot patrols, by household and area characteristics, year ending March 2019 CSEW",unknown,0,0,0
"Table S13: Trends in victim satisfaction with the police, year ending December 1992 to year ending March 2019 CSEW",unknown,0,0,0
"Table S14: Percentage of incidents in which victims were satisfied with the police by crime type, year ending March 2019 CSEW",unknown,0,0,0
"Table S15: Percentage of incidents in which victims were satisfied with the police by personal characteristics, year ending March 2019 CSEW",unknown,0,0,0
"Table S16: Percentage of incidents in which victims were satisfied with the police by household and area characteristics, year ending March 2019 CSEW",unknown,0,0,0
"Table S17: Percentage of incidents in which victims were satisfied with the police by CJS factors, year ending March 2019 CSEW",unknown,0,0,0
"Table S18: Attitudes to local police, by police force area, English regions and Wales, year ending March 2019 CSEW",unknown,0,0,0
"Table S19: Attitudes to local police working in partnership, by police force area, English regions and Wales, year ending March 2019 CSEW",unknown,0,0,0
"Table S20: Awareness and use of the 101 non-emergency police number, year ending March 2012 to year ending March 2019 CSEW",unknown,0,0,0
"Table S21: Awareness and use of the 101 non-emergency police number, by personal characteristics, year ending March 2019 CSEW",unknown,0,0,0
"Table S22: Awareness and use of the 101 non-emergency police number, by household and area characteristics, year ending March 2019 CSEW",unknown,0,0,0
"Table S23: Awareness of Police and Crime Commissioners, year ending March 2015 to year ending March 2019 CSEW",unknown,0,0,0
"Table S24: Awareness of Police and Crime Commissioners, by personal characteristics, year ending March 2019 CSEW",unknown,0,0,0
"Table S25: Awareness of Police and Crime Commissioners, by household and area characteristics, year ending March 2019 CSEW",unknown,0,0,0
"Table S26: Contact and details of contact with Police and Crime Commissioners (PCC), year ending March 2019 CSEW",unknown,0,0,0
"Table S27: Perceptions of police contact and complaints process, year ending March 2011 to year ending March 2019 CSEW",unknown,0,0,0
Perceptions of crime and anti-social behaviour,unknown,0,0,0
"Table S28: Perceptions of changing crime levels, year ending December 1996 to year ending March 2019 CSEW",unknown,0,0,0
"Table S29: Perceptions of changing crime levels by personal characteristics, year ending March 2019 CSEW",unknown,0,0,0
Table S30: Perceptions of changing crime levels by household and area characteristics year ending March 2019 CSEW,unknown,0,0,0
"Table S31: Trends in worry about crime, year ending December 1992 to year ending March 2019 CSEW",unknown,0,0,0
"Table S32: Worry about crime by personal characteristics, year ending March 2019 CSEW",unknown,0,0,0
"Table S33: Worry about crime by household and area characteristics, year ending March 2019 CSEW",unknown,0,0,0
"Table S34:  Trends in the anti-social behaviour indicators,  year ending December 1992 to year ending March 2019 CSEW",unknown,0,0,0
"Table S35: High levels of perceived anti-social behaviour in local area by personal characteristics, year ending March 2019 CSEW",unknown,0,0,0
"Table S36: High levels of perceived anti-social behaviour in local area by household and area characteristics, year ending March 2019 CSEW",unknown,0,0,0
"Table S37: Trends in percentage of adults who felt very/fairly safe walking alone after dark, by sex, year ending December 1994 to year ending March 2019 CSEW",unknown,0,0,0
"Table S38: Percentage of adults who felt very/fairly safe when walking alone after dark, by personal characteristics, year ending March 2019 CSEW",unknown,0,0,0
"Table S39: Percentage of adults who felt very/fairly safe when walking alone after dark, by household and area characteristics, year ending March 2019 CSEW",unknown,0,0,0
Intimate Personal Violence,unknown,0,0,0
"Table S40a: Prevalence of domestic abuse, sexual assault and stalking among adults aged 16 to 74, by type, year ending March 2019 CSEW",unknown,0,0,0
"Table S40b: Prevalence of domestic abuse, sexual assault and stalking among adults aged 16 to 59, by type, year ending March 2019 CSEW",unknown,0,0,0
"Table S41a: Prevalence of domestic abuse, sexual assault and stalking in the last year among adults aged 16 to 74, by type and sex, year ending March 2018 and year ending March 2019 CSEW",unknown,0,0,0
"Table S41b: Prevalence of domestic abuse, sexual assault and stalking in the last year among adults aged 16 to 59, by type and sex, year ending March 2005 to year ending March 2019 CSEW",unknown,0,0,0
"Table S42a: Prevalence of domestic abuse, sexual assault and stalking in the last year among adults aged 16 to 74, by type, year ending March 2018 and year ending March 2019 CSEW",unknown,0,0,0
"Table S42b: Prevalence of domestic abuse, sexual assault and stalking in the last year among adults aged 16 to 59, by type, year ending March 2005 to year ending March 2019 CSEW",unknown,0,0,0
"For further information, please email either:",unknown,0,0,0
ONS Centre for Crime and Justice - crimestatistics@ons.gov.uk,unknown,0,0,0
"or write to: ONS Centre for Crime and Justice, Office for National Statistics, Room 1400, Sigsworth Road, Titchfield, PO15 5RR",unknown,0,0,0
Statistical contact: Meghan Elkin,unknown,0,0,0
Tel: 44 (0)20 7592 8695 ,unknown,0,0,0
Email: crimestatistics@ons.gov.uk,unknown,0,0,0
