"table s42b: prevalence of domestic abuse, sexual assault and stalking in the last year among women aged 16 to 59, by type [note 2, 3, 7]",unnamed: 1,unnamed: 2,unnamed: 3,unnamed: 4,unnamed: 5,unnamed: 6,unnamed: 7,unnamed: 8,unnamed: 9,unnamed: 10,unnamed: 11,unnamed: 12,unnamed: 13,unnamed: 14,unnamed: 15,unnamed: 16,unnamed: 17,unnamed: 18,unnamed: 19,age_band
"England and Wales, year ending March 2005 to year ending March 2023",,,,,,,,,,,,,,,,,,,,unknown
This worksheet contains one table. Some cells refer to notes which can be found on the notes worksheet. The units used in this table are percentages.,,,,,,,,,,,,,,,,,,,,unknown
Link to notes,,,,,,,,,,,,,,,,,,,,unknown
Some shorthand is used in this table. [x] denotes that data are unavailable. [c] denotes that figures have been suppressed due to disclosure constraints. [s] denotes there is a statistically significant change at the 5% level. ,,,,,,,,,,,,,,,,,,,,unknown
Link to table of contents,,,,,,,,,,,,,,,,,,,,unknown
Source: Crime Survey for England and Wales from the Office for National Statistics,,,,,,,,,,,,,,,,,,,,unknown
Abuse type,"Apr 2004 to 
Mar 2005
[note 8]","Apr 2005 to 
Mar 2006","Apr 2006 to 
Mar 2007","Apr 2007 to 
Mar 2008
[note 9]","Apr 2008 to 
Mar 2009","Apr 2009 to 
Mar 2010","Apr 2010 to 
Mar 2011
[note 10]","Apr 2011 to 
Mar 2012
[note 10]","Apr 2012 to 
Mar 2013
[note 10]","Apr 2013 to 
Mar 2014","Apr 2014 to 
Mar 2015","Apr 2015 to 
Mar 2016","Apr 2016 to 
Mar 2017","Apr 2017 to 
Mar 2018
[note 8][note 11]","Apr 2018 to 
Mar 2019
[note 11]","Apr 2019 to 
Mar 2020
[note 12]","Oct 2021 to 
Mar 2022
[note 6][note 12]"," Apr 2022 to 
Mar 2023
[note 1]",Apr 2022 to Mar 2023 compared with Apr 2019 to Mar 2020,unknown
"Any domestic abuse (partner or family non-physical abuse, threats, force, sexual assault or stalking) [note 13]",11.078051084845455,11.493999399514188,11.03047182954135,[x],8.884717245808067,9.236445747431231,9.052097106897676,9.050378129243757,8.78329928391209,8.465077319148648,8.165390279802123,7.709673219269052,7.452457391988314,7.922116558595046,8.383466971467522,8.085510771210465,7.907722639546198,6.49942502135976,[s],unknown
"Any partner abuse (non-physical abuse, threats, force, sexual assault or stalking) [note 13]",8.65073932620876,9.225465238632003,8.697371257098943,[x],6.987348134078495,7.364374097201099,7.408327936314041,6.883648949880264,6.658768427674999,6.793446766110581,6.475845062340719,6.230880299786246,5.9466231116544055,6.256980807506083,6.375420398669647,6.165795642731854,5.271204782412746,4.47387758508719,[s],unknown
"Any family abuse (non-physical abuse, threats, force, sexual assault or stalking) [note 13]",4.336871539512716,4.356652870929509,4.342622541432125,[x],3.3357412117044585,3.170518101766942,3.1368506386160644,3.396725370812165,3.1512876463899984,2.5388491156157067,2.5378073327110857,2.183250304694842,2.031942158472958,2.4366603507838436,2.783265465467316,2.6646341019392707,3.564202045138382,2.60070776620424,,unknown
Partner abuse - non-sexual [note 13],8.625293705388907,8.777104856651162,8.644851039400082,7.538236298450419,6.538726123384942,7.178076724968522,6.44062097668439,7.023852624214969,6.078256537639273,5.9320273739687845,5.829772255247379,5.399304169547049,5.205224590337796,5.634464493511014,5.386574496652863,5.338462639811761,4.327309250258105,3.74723095973028,[s],unknown
"Non-physical abuse (emotional, financial) [note 13]",5.854566667074447,5.634773292338013,5.495721993656177,5.349678028923066,4.197981733493329,4.612131289790768,4.361206718179775,4.65336561024513,4.48934388028741,4.2144843328988895,3.9985415271805698,3.9384805425271443,4.0040690398472885,4.50316037620542,4.3124733895607035,4.141181711012202,3.444214406006086,2.90960658453941,[s],unknown
Threats or force [note 13],5.604157963269262,6.108059145189841,5.908326457471899,4.61994991949354,4.45860265683536,4.868333313041686,4.172799708627895,4.520087844773491,3.7442693015367623,3.6065785075636585,3.5866918511309316,3.047741361147224,2.7924847313533046,3.0137314306227196,2.7198523606895333,2.8086754558446643,2.1311439809081376,1.82167242726586,[s],unknown
Threats [note 13],4.183591184719106,4.771790191188417,4.6524044565514995,3.972830448563644,3.3439634222330987,4.078203205535926,3.2815491310360336,3.3998839071292073,3.0077485940514297,2.8144319142497727,2.865624602127769,2.310985947733376,2.171177475195244,2.3265602815472985,2.201236226812955,2.203765899179056,1.829934848241347,1.51371787386981,[s],unknown
Force [note 13],3.5634181351962,3.889816990341802,3.4808633995224074,2.9385539302063552,2.851179061413502,2.9104661152586537,2.7919877315824997,2.980770449063458,2.064218169750693,2.031989783834395,1.8551133023785875,1.709937407239519,1.5447026462363063,1.6806842213750994,1.554991113947459,1.5430645746367253,1.0008046497237748,0.791552521313551,[s],unknown
Family abuse - non-sexual [note 13],3.771962977892943,3.7655555780747743,3.865181937759148,2.580125868512119,2.84847097344626,2.773128520795045,2.83857077902249,2.6679994057325085,2.7123177537881107,2.1841137394377963,2.166725413271387,1.9086764895543105,1.7520931031195988,1.9042745867791777,2.472148365961334,2.2827268992684773,3.318271359353191,2.24002867007118,,unknown
"Non-physical abuse (emotional, financial) [note 13]",2.282936638649019,2.31242377194614,2.3961112007033516,1.5781587900377962,1.7326859875352674,1.825218719957625,1.6464155205434565,1.6721759558962017,1.7221464737589594,1.3582859751536904,1.3672093229909486,1.4075004003082539,1.195682794647462,1.443130556723629,1.6537002626355455,1.5788154031045947,2.7802217952633668,1.76141105745502,,unknown
Threats or force [note 13],2.30738816488124,2.566420928384435,2.5192090684294826,1.6589604256727974,1.906010345166302,1.657884830120982,1.7334117050575804,1.5878296888422694,1.6080105003407508,1.2531193849563032,1.3769055228491274,1.0289666020334727,0.9760089966581068,1.0465408043292233,1.4282423369984116,1.1782213873663832,1.685778559390413,0.994850163522339,,unknown
Threats [note 13],1.4350419939520416,1.7315433678232686,1.5520544904411815,0.9741349336480252,1.113384180145456,1.1289922736747144,1.249521153784315,1.1239111400088053,1.2023823594016252,0.9888911209714357,1.0309821973788695,0.8739005288607846,0.7955394349844657,0.8451669704184313,1.0357140287517577,0.9482066644839205,1.4336646732532907,0.817434676305464,,unknown
Force [note 13],1.7427299593638708,1.8538758264376156,1.8715587383462786,1.3325978325164667,1.5269553376479774,1.1641947975145632,1.2204596561391594,0.9151021444850902,0.8260895235460153,0.6784479668273743,0.778432987951577,0.5280467162250653,0.4600475088933598,0.5916057986219996,0.7429608675061532,0.5131129023792074,1.0626159771209898,0.56081068825682,,unknown
Any sexual assault (including attempts but excluding causing sexual activity without consent) [note 13][note 14],4.190962312249793,5.017764240346177,4.7937951786838475,4.455497883566788,3.7315378054756447,3.3545981739914437,3.819980968213631,4.189778666523314,3.018017242970581,2.229990723518826,2.70676542756478,3.229865030839238,3.079419028781737,4.222980180484625,4.451151543154411,3.5107148739470944,3.8809418149519077,4.19318342999319,,unknown
Any sexual assault (including attempts) [note 13][note 14],[x],[x],[x],[x],[x],[x],[x],[x],[x],[x],[x],3.2465499734073875,3.101322874283969,4.24715071229427,4.4746549459368135,[x],[x],[x],,unknown
Sexual assault by rape or penetration including attempts,0.9979313230739773,1.3477414285363811,1.1517852929934107,1.2331254842177914,1.007747798905497,0.8492419520932815,1.2196259008454762,1.2725244952606696,0.99524676159148,0.7052737039066505,0.6775351702560678,0.7159421917137501,0.868450676632067,0.8990640952356702,1.0922968773285648,0.9838565931019178,1.208161299554294,1.10453949167429,,unknown
Sexual assault by rape or penetration excluding attempts,0.7310585242543144,1.1129007611348631,0.9322454492686874,0.8769474818340546,0.7435811723810807,0.7326044224322292,1.023982615839205,0.7693784224796764,0.563379775720515,0.4179475638406586,0.37273466211261885,0.4482602653302012,0.5570527652116682,0.646486083495066,0.4451631147679556,0.7372153312650692,0.7557105102293581,0.58366246062103,,unknown
- Rape including attempts,0.9379144927406042,1.3963242083901366,1.1922872507351348,1.1982172560030064,0.9481957046471805,1.0164180342016675,1.2898731505145682,1.2023958884264192,0.7659647512194774,0.5015184488413376,0.5170105228960084,0.4455024270933791,0.6512825940306466,0.6635875188130008,0.708973604822044,0.7577385752406678,0.7891724238969247,0.645176668804501,,unknown
- Rape excluding attempts,0.6952779761403735,1.0872090499730789,1.0136519540892075,0.7744851066923863,0.8169751313154571,0.842032744814099,1.1108235548519843,0.8980961287053683,0.44706868329650357,0.3014430623914955,0.3187029627588546,0.3209050794403466,0.383305451191603,0.43050431213335566,0.25791128345155034,0.5161480018584998,0.49217415840427514,0.45643356992234,,unknown
- Assault by penetration including attempts,0.32675120996992946,0.3955812407897313,0.31649241839347114,0.35911882659963984,0.3471281597647793,0.18244141387373364,0.2689315582457019,0.45025162505164396,0.5280029351236808,0.4850523835805176,0.3569793444349411,0.49664228086122214,0.5381653824112316,0.5221061935654099,0.6701784972361589,0.5602370600424199,0.8187819445895768,0.845097527837365,,unknown
- Assault by penetration excluding attempts,0.2957653520892778,0.4698932975726402,0.3251209434312258,0.36834829625925525,0.26614431932377763,0.22602804967040122,0.2594324372241647,0.3096034493231961,0.32469787662325533,0.288094333332557,0.16938565099483135,0.22760552097003503,0.31427759118484927,0.4003981140977052,0.2846444803942847,0.39722819564642503,0.40071156119662465,0.328106386577582,,unknown
Causing sexual activity without consent [note 14][note 15],[x],[x],[x],[x],[x],[x],[x],[x],[x],[x],[x],0.006515283008609887,0.05830737104083339,0.018202190532408045,0,[x],[x],[x],,unknown
Indecent exposure or unwanted sexual touching,3.431964537862358,3.8888497784729434,3.9678185619389694,3.542807610868581,2.9796500560357337,2.750517656315929,2.9241257833519048,3.3450652048261045,2.3453355670110603,1.813297347583786,2.3701036303484897,2.8245726902570256,2.673493973298345,3.836737919901081,3.7979494275361247,3.0503256964849847,3.2598062591952885,3.83650824336755,,unknown
- Indecent exposure,[x],[x],[x],[x],[x],[x],[x],[x],1.0741230156293007,0.5749926038879533,0.8303207849889144,0.9327731546553295,0.5657677078519877,1.219259415492662,0.9370295751589753,0.6142263166439318,0.7960381038599382,1.05201280360325,[s],unknown
- Unwanted sexual touching,[x],[x],[x],[x],[x],[x],[x],[x],1.3916534515099273,1.345233983796752,1.7565466975240522,2.1854826381032484,2.2515610088475575,3.1992009763684846,3.270008764329283,2.6936232409380705,2.8731913182671605,3.13591356986774,,unknown
Any sexual assault (including attempts) by a partner,0.48282488866132744,0.6255429337042192,0.5487955653666694,0.5107272828684367,0.36394489247892586,0.39801996343907514,0.5624311617348018,0.5303549414807953,0.4338800523292938,0.35827754347373436,0.4719631680398239,0.4994100733694562,0.4231242755473736,0.3623950509756584,0.7156394256004414,0.6671520201276346,0.883681148012076,0.552944534163325,,unknown
Sexual assault by rape or penetration (including attempts) by a partner,0.2634375632684015,0.27808086248169583,0.31030737217729853,0.25377713904301535,0.22383183969436657,0.20732881337346912,0.39597791623640044,0.34426727980975264,0.3204584650171746,0.24131770299736427,0.26632054598458677,0.2974140031947678,0.2957512443525279,0.22442263311715663,0.3071479617474434,0.4479706950289823,0.3442019242168723,0.318012130055336,,unknown
Indecent exposure or unwanted sexual touching by a partner,0.46362972974257516,0.6214529325641317,0.5411480589081344,0.48859941936082596,0.26864573515890555,0.4400372725020354,0.44570616671011865,0.402680877040676,0.24148147274783585,0.21332649351962144,0.3339368703317226,0.37816581310021297,0.2566273183447821,0.2594601655545305,0.518446833404983,0.41860058918120546,0.7439571480412726,0.435524215105456,,unknown
- Indecent exposure by a partner [note 16],[x],[x],[x],[x],[x],[x],[x],[x],[x],[x],[x],[x],[x],0.05885785490431566,0.06355096698156319,0.03366590170257642,[c],[c],,unknown
- Unwanted sexual touching by a partner [note 16],[x],[x],[x],[x],[x],[x],[x],[x],[x],[x],[x],[x],[x],0.2580936632527475,0.5074763183658726,0.3945236614906974,0.747298271548413,0.433442714478174,,unknown
Any sexual assault (including attempts) by a family member,0.1286138982885387,0.09293593502128027,0.11086351190906826,0.12960490041298056,0.06406620666643999,0.09951148387779418,0.1539025796736463,0.08490057967611203,0.08061428310204953,0.0727089480579746,0.055700827718932706,0.03627569634841888,0.04358957908189831,0.1342386449213812,0.0941867291999993,0.06804344733870903,[c],0.071282811827281,,unknown
Sexual assault by rape or penetration (including attempts) by a family member,0.02746083380841105,0.02346983732037563,0.03167109015615969,0.0067165666342055685,0,0.0257586646006817,0.05827505509182064,0.03157358848261452,0.05259287578090477,0.035810621685541125,0.016698836856079993,0.013400823325689962,0.019466673492425087,0.08722381032281994,0.06162007264973488,0.015283102874588901,[c],[c],,unknown
Indecent exposure or unwanted sexual touching by a family member,0.05228597228779967,0.04363256290130421,0.061291704940877656,0.07816050868880801,0.0386940622261531,0.034329551393181244,0.08606835713295152,0.01949536762219052,0.027656401688920074,0.03924089058928313,0.038783596238294325,0.022669392661447307,0.023910956631604235,0.06070975395049039,0.07661645049967884,0.06278076122875244,[c],0.0536990953299098,,unknown
- Indecent exposure by a family member [note 16],[x],[x],[x],[x],[x],[x],[x],[x],[x],[x],[x],[x],[x],0.03786219796387601,0.009578518065870466,0.03043230164609253,[c],[c],,unknown
- Unwanted sexual touching by a family member [note 16],[x],[x],[x],[x],[x],[x],[x],[x],[x],[x],[x],[x],[x],0.037601589535883044,0.07745861914161553,0.03277884352958191,[c],0.0399842998660653,,unknown
Stalking [note 13],7.529072034185495,7.4229108372776205,6.782528438368766,[x],4.727775004095152,4.7769699872251286,4.574586750634098,4.806810856694489,4.706262488959113,4.422371835051212,4.890959047630737,4.599852603507714,4.90826980606815,5.441001571806443,5.2449637759016055,5.369872176084217,6.221146058675149,5.67066063010175,,unknown
Stalking by a partner,1.1804055592919838,1.4255795917877676,1.3627513533462998,[x],1.0378400441767994,1.0693103843225473,1.2691460193565305,1.0941469207189733,1.144135191856587,1.5857925160993764,1.5551206345972843,1.2848466556626308,1.32279797910538,1.4007702136740203,1.5868831784630997,1.1740059023474239,1.1615189625162081,0.774220548168403,[s],unknown
Stalking by a family member,0.46195903175329955,0.6630794160738592,0.46300156188971264,[x],0.43448476771642147,0.4595620125199489,0.5320464899704966,0.7685388231703523,0.6856950657341614,0.4860842630154533,0.5440069755339062,0.49795775077031185,0.4519342971360979,0.6290287851948808,0.48634569546403206,0.5322360859005457,0.44417148588392047,0.54822227356145,,unknown
Unweighted base - number of people aged 16 and over [note 17],12400,13282,12754,12991,13786,11734,5929,5830,5184,11178,10363,10819,11083,5399,5420,9879,1639,5477,,unknown
