"Table A11c: Prevalence of sexual assault and stalking in the last year among all people aged 16 to 59 years, by type [note 1, 2, 10]",Unnamed: 1,Unnamed: 2,Unnamed: 3,Unnamed: 4,Unnamed: 5,Unnamed: 6,Unnamed: 7,Unnamed: 8,Unnamed: 9,Unnamed: 10,Unnamed: 11,Unnamed: 12,Unnamed: 13,Unnamed: 14,Unnamed: 15,Unnamed: 16,Unnamed: 17,Unnamed: 18,Unnamed: 19,Unnamed: 20,Unnamed: 21,age_band,flag_depression,flag_anxiety,flag_comorbid
"England and Wales, year ending March 2005 to year ending March 2025",,,,,,,,,,,,,,,,,,,,,,unknown,0,0,0
This worksheet contains one table. Some cells refer to notes which can be found on the Notes worksheet. The units used in this table are percentages.,,,,,,,,,,,,,,,,,,,,,,unknown,0,0,0
Link to Notes,,,,,,,,,,,,,,,,,,,,,,unknown,0,0,0
Some shorthand is used in this table. [x] denotes that data are unavailable.[z] denotes not applicable. [c] denotes that figures have been suppressed due to disclosure constraints.,,,,,,,,,,,,,,,,,,,,,,unknown,0,0,0
[s] denotes there is a statistically significant change at the 5% level. [ns] denotes a non significant statistical change at the 5% level.,,,,,,,,,,,,,,,,,,,,,,unknown,0,0,0
Link to Table of contents,,,,,,,,,,,,,,,,,,,,,,unknown,0,0,0
Source: Crime Survey for England and Wales from the Office for National Statistics,,,,,,,,,,,,,,,,,,,,,,unknown,0,0,0
Abuse type,"Apr 2004 to 
Mar 2005
[note 11]","Apr 2005 to 
Mar 2006","Apr 2006 to 
Mar 2007","Apr 2007 to 
Mar 2008","Apr 2008 to 
Mar 2009","Apr 2009 to 
Mar 2010","Apr 2010 to 
Mar 2011
[note 12]","Apr 2011 to 
Mar 2012
[note 12]","Apr 2012 to 
Mar 2013
[note 12]","Apr 2013 to 
Mar 2014","Apr 2014 to 
Mar 2015","Apr 2015 to 
Mar 2016","Apr 2016 to 
Mar 2017","Apr 2017 to 
Mar 2018
[note 11][note 13]","Apr 2018 to 
Mar 2019
[note 13]","Apr 2019 to 
Mar 2020
[note 14]","Oct 2021 to 
Mar 2022
[note 8][note 14]","Apr 2022 to 
Mar 2023
[note 9]","Apr 2023 to 
Mar 2024
[note 4]","Apr 2024 to 
Mar 2025
[note 4]",Apr 2024 to Mar 2025 compared with Apr 2023 to Mar 2024,unknown,0,0,0
Any sexual assault (including attempts but excluding causing sexual activity without consent) [note 15][note 16],2.6050799941591,2.977146032817532,2.9029316670167846,2.564376169051692,2.155759741841332,2.0818715682243445,2.3234354469975713,2.408723543752493,1.9138697969641625,1.4746422648221806,1.7090108873577323,1.961200960790143,1.956909146432753,2.718711024938118,2.86324979856038,2.1974765453858516,2.650476350200518,2.71830033117879,2.64107394458755,2.36559445124345,[ns],unknown,0,0,0
Any sexual assault (including attempts) [note 15][note 16],[x],[x],[x],[x],[x],[x],[x],[x],[x],[x],[x],1.9827371364921484,1.976389467540283,2.730981509011371,2.8781785406879803,[x],[x],[x],[x],[x],[x],unknown,0,0,0
Sexual assault by rape or penetration including attempts,0.5807690786841865,0.6947167972427217,0.5796652578237933,0.6768291231869491,0.5136816027453395,0.43644305063133604,0.6823323944697013,0.6178146206628041,0.5732873735485514,0.37809534271516415,0.3867421472956802,0.43204658201059554,0.4572409331564854,0.4799220390813798,0.6778626741249395,0.5363377614335408,0.6088658647182551,0.614891593974259,0.418470443560507,0.256723203813703,[ns],unknown,0,0,0
Sexual assault by rape or penetration excluding attempts,0.38200109399700183,0.506882305481921,0.4008879230508624,0.4245596907787492,0.3411265614154246,0.3197418680355412,0.5290575860226296,0.3517578872470043,0.3218272942779446,0.22283912028182648,0.22808285986910865,0.2649668330728844,0.3015629121747413,0.3464275352523321,0.30625944116478127,0.3963507191601835,0.38004517914067054,0.320442766169485,0.312509789807806,0.181506709289577,[ns],unknown,0,0,0
- Rape including attempts,0.4522542207277492,0.6199214512060127,0.5153829014745169,0.555393713169207,0.41908082142120096,0.44101640069775355,0.6323565378806828,0.46603023770551116,0.43338527241471436,0.2702982004996919,0.27948962379704745,0.2879526308115423,0.34011511753526696,0.35490854202821764,0.37301271883909537,0.4004414921311052,0.39741793420069704,0.381652040019316,0.296509093420099,0.141170485346134,[ns],unknown,0,0,0
- Rape excluding attempts,0.3020567272549657,0.4214052363102634,0.35691583306126734,0.3136973851300726,0.3174383427177026,0.29924287763303214,0.4890457573284891,0.3044003837631605,0.2537831796273153,0.16421981606119082,0.1748973512548219,0.18995999882389175,0.20064949704689022,0.2387059254705505,0.14424482689574938,0.27946832260091076,0.24737278055071846,0.240445227338278,0.222857950755697,0.0882568871515574,[ns],unknown,0,0,0
- Assault by penetration including attempts,0.25174963256344307,0.25177073445508086,0.200127989575343,0.25547250208846795,0.21975195673374032,0.12483193332932,0.1729111517953692,0.30988740633855366,0.31928602287608554,0.25927093101345783,0.21071111273180018,0.30859977760287244,0.2922350620870299,0.2803637489954452,0.44986439435550307,0.3085002037486498,0.4123385172321819,0.45152982849125,0.362693326298102,0.172939772575758,[ns],unknown,0,0,0
- Assault by penetration excluding attempts,0.22972657029284363,0.30138542362495363,0.2151545371477386,0.2595209170383556,0.1682876607717565,0.16170456600180005,0.17620478232098752,0.2466395339145735,0.2025914869141562,0.15506690501226403,0.11118864624732794,0.14601659633557346,0.1802626413501113,0.2120439466645246,0.21109625834540177,0.21047308952248983,0.20139141056053533,0.191500795759151,0.267372056901535,0.119201108918212,[ns],unknown,0,0,0
Causing sexual activity without consent [note 16][note 17],[x],[x],[x],[x],[x],[x],[x],[x],[x],[x],[x],0.036249233289737864,0.04798600081312375,0.015393459494918445,0.024362470787304566,[x],[x],[x],[x],[x],[x],unknown,0,0,0
Indecent exposure or unwanted sexual touching,2.3037422586292795,2.518203361812256,2.615723951008618,2.220040955473805,1.8878698909690261,1.8663253703843976,1.9124697866567124,2.1201791277459545,1.568753275268881,1.2473063626980463,1.5052141786840456,1.7153733857298579,1.738902155951773,2.50643217921014,2.4742472714024086,1.940524433946042,2.336485869927306,2.50512338063819,2.41257836869987,2.28484723258644,[ns],unknown,0,0,0
- Indecent exposure,[x],[x],[x],[x],[x],[x],[x],[x],0.6582632642386279,0.42776435408944247,0.5465702446908253,0.5276242708957758,0.3819473580669395,0.7918397252803114,0.5511948317654212,0.4010413450929942,0.42944546448536425,0.666008416224452,0.845719290622919,0.685283606898519,[ns],unknown,0,0,0
- Unwanted sexual touching,[x],[x],[x],[x],[x],[x],[x],[x],0.9770352212422525,0.8881194994118523,1.0972424748125158,1.332895292089655,1.4349862623827485,2.0667609474211686,2.1270046076689075,1.6856282660812174,2.14190314874018,2.06438900021222,1.94595681899936,1.84315707302229,[ns],unknown,0,0,0
Any sexual assault (including attempts) by a partner [note 5],0.34753826218098327,0.34218229940295986,0.35159166478371745,0.3431446574578492,0.255868324864855,0.27618658658581247,0.3543231241376186,0.31177645233623535,0.27798275024464264,0.22401173621063428,0.26514381430478745,0.3098252967961209,0.24862700853718953,0.21916554507688096,0.3739650392042909,0.37846315207645986,0.5106411620618964,0.344351299196631,0.296162366835305,0.253361148288085,[ns],unknown,0,0,0
Sexual assault by rape or penetration (including attempts) by a partner,0.18782026051807924,0.1579877342461733,0.19086515122639425,0.17369260308289225,0.151614537192572,0.11941261198575363,0.23948649914943457,0.21883129928507658,0.18488126195264293,0.12377499675817391,0.13924486071283004,0.17342441496410008,0.16230576139937938,0.11771853587648741,0.15558611903672004,0.23038509296144524,0.1723352148587232,0.187452355441881,0.122870896175122,0.06271057897326,[ns],unknown,0,0,0
Indecent exposure or unwanted sexual touching by a partner,0.34387585295948786,0.3309974679126455,0.3465802381637204,0.3201902728552583,0.22047989464183138,0.3190584814468588,0.3047823828494001,0.2128713881147914,0.1818524782663706,0.1486918763743441,0.1907556345200028,0.22500037002313628,0.1552139436659,0.16173150675126083,0.2744517144963624,0.24842907015511534,0.4414543135151849,0.257998112317465,0.233812187412674,0.246857294866061,[ns],unknown,0,0,0
- Indecent exposure by a partner [note 18],[x],[x],[x],[x],[x],[x],[x],[x],[x],[x],[x],[x],[x],0.04204017047847807,0.03838406005882637,0.02145471285217367,[c],[c],0.0969169689362567,0.0412929479929194,[ns],unknown,0,0,0
- Unwanted sexual touching by a partner [note 18],[x],[x],[x],[x],[x],[x],[x],[x],[x],[x],[x],[x],[x],0.1483311362539685,0.2617098291459547,0.23095115270100414,0.443867758407357,0.257339928886413,0.157594929239825,0.227894628102938,[ns],unknown,0,0,0
Any sexual assault (including attempts) by a family member [note 5],0.042619372589628876,0.04196246716544422,0.03658579134549741,0.04322985427111567,0.0236827052300061,0.03023428421354429,0.07029926892186202,0.025784254174888024,0.04667337152295457,0.05633986472473189,0.03313703189468377,0.02096121501818548,0.0398543836233427,0.09196604867902307,0.04781771078566927,0.047866919571648694,[c],0.0359341650424036,0.0947816331626516,0.0127208476683908,[ns],unknown,0,0,0
Sexual assault by rape or penetration (including attempts) by a family member,0.013724243023113925,0.011773310994136536,0.0158284973726502,0.006896336413236175,0.004077926650123373,0.012835262539271263,0.052101827028028215,0.01575186188831099,0.026327866757130544,0.02049262532136712,0.013468735149332159,0.009449060167526648,0.01911848855999311,0.049829315059723996,0.03129520851471058,0.010819435061738724,[c],[c],0.026685934778212,[c],[z],unknown,0,0,0
Indecent exposure or unwanted sexual touching by a family member,0.029541812581681367,0.03530857265186668,0.033452590640783084,0.0427908794058877,0.02347906746285762,0.01712595983037272,0.043186016461553185,0.009720481540505997,0.020165158344661798,0.03701111385649462,0.01958045323603451,0.01143124393827661,0.02490353697957634,0.048902252963714046,0.038984124974691385,0.04210358503078606,[c],0.0271595359759955,[c],0.0126133283014058,[z],unknown,0,0,0
- Indecent exposure by a family member [note 18],[x],[x],[x],[x],[x],[x],[x],[x],[x],[x],[x],[x],[x],0.03186545124586406,0.004852474601534645,0.01983837649363477,[c],[c],[c],[c],[c],unknown,0,0,0
- Unwanted sexual touching by a family member [note 18],[x],[x],[x],[x],[x],[x],[x],[x],[x],[x],[x],[x],[x],0.02425362050193516,0.03917791234558568,0.026975721634645632,[c],0.0201232796991822,[c],0.012705357769886,[z],unknown,0,0,0
Stalking [note 6][note 15],7.8422218598081015,6.811948922781502,6.079305344776549,[x],4.094684885032356,4.187483364220474,4.1879766471303235,4.304872595495941,3.6346748763479875,3.464882658093124,3.672471474309565,3.6805861940886655,3.6370891725861543,4.017802595322478,3.9942989260941113,4.0282311759167255,4.717667810245608,4.264343549616,3.83959939307536,3.50831248197949,[ns],unknown,0,0,0
Unweighted base - number of people aged 16 and over [note 19],23571,25308,24536,23816,26675,22346,11287,11255,9676,21008,19199,20061,20895,10221,9926,18444,3095,10502,7266,7940,[z],unknown,0,0,0
