table of contents,unnamed: 1,unnamed: 2,age_band
This worksheet contains tables presented vertically with one blank row between each table.,,,unknown
Table number,Table title,Useful links,unknown
Table A1,"Proportion of people who were victims of all CSEW headline crime and personal crime (including fraud and computer misuse), by personal characteristics, people aged 16 and over, England and Wales, year ending March 2025",Link to Table A1,unknown
Table A2,"Proportion of people who were victims of all CSEW headline crime and personal crime (including fraud and computer misuse), by household and area characteristics, people aged 16 and over and households, England and Wales, year ending March 2025",Link to Table A2,unknown
Table A3,"Number of times victims were victimised, people aged 16 and over, England and Wales, year ending March 2025",Link to Table A3,unknown
Table A4,"Proportion of victims aged 16 and over who were victimised more than once, statistical significance of change year ending March 2025 compared with selected years, England and Wales, year ending December 1981 to year ending March 2025",Link to Table A4,unknown
Table A5,"Proportion of incidents experienced by repeat victims aged 16 and over, statistical significance of change year ending March 2025 compared to selected years, England and Wales, year ending December 1981 to year ending March 2025",Link to Table A5,unknown
Table A6,"Percentage of CSEW headline crime incidents reported to the police or Action Fraud, statistical significance of change year ending March 2025 compared with selected years, England and Wales, year ending December 1981 to year ending March 2025",Link to Table A6,unknown
Table A7,"Reasons for not reporting incidents of crime to the police, England and Wales, year ending March 2025",Link to Table A7,unknown
Table A8,"8a: Combined prevalence measure of domestic abuse, sexual assault and stalking in the last year among people aged 16 years and over, by sex, England and Wales, year ending March 2024 and year ending March 2025. 8b: Estimated numbers of victims of the combined measure of domestic abuse, sexual assault and stalking in the last year among people aged 16 years and over, by sex, England and Wales, year ending March 2024 and year ending March 2025",Link to Table A8,unknown
Table A9a,"Prevalence of domestic abuse among people aged 16 years and over, by abuse type and sex, England and Wales, year ending March 2025",Link to Table A9a,unknown
Table A9b,"Prevalence of domestic abuse in the last year among people aged 16 years and over, by abuse type and sex, England and Wales, year ending March 2025",Link to Table A9b,unknown
Table A10a,"Prevalence of sexual assault and stalking among people aged 16 years and over, by abuse type and sex, England and Wales, year ending March 2025",Link to Table A10a,unknown
Table A10b,"Prevalence of sexual assault and stalking in the last year among people aged 16 years and over, by type and sex, England and Wales, year ending March 2022 to year ending March 2025",Link to Table A10b,unknown
Table A11a,"Prevalence of sexual assault and stalking in the last year among men aged 16 to 59 years, by type, England and Wales, year ending March 2005 to year ending March 2025",Link to Table A11a,unknown
Table A11b,"Prevalence of sexual assault and stalking in the last year among women aged 16 to 59 years, by type, England and Wales, year ending March 2005 to year ending March 2025",Link to Table A11b,unknown
Table A11c," Prevalence of sexual assault and stalking in the last year among all people aged 16 to 59 years, by type, England and Wales, year ending March 2005 to year ending March 2025",Link to Table A11c,unknown
Table A12,"Prevalence of harassment experienced in the last year among people aged 16 and over, by type and sex, England and Wales, year ending March 2024 to year ending March 2025",Link to Table A12,unknown
Table A13,Number of violence against the person and robbery offences recorded by the police which involved a corrosive substance,Link to Table A13,unknown
Table A14,"Trends in CSEW prevalence rates for children age 10 to 15, from year ending March 2010 to year ending March 2025, with percentage change and statistical significance of change",Link to Table A14,unknown
Table A15,"Trends in CSEW victims of crime for children aged 10 to 15, from year ending March 2010 to year ending March 2025, with percentage change and statistical significance of change",Link to Table A15,unknown
Table A16,"Proportion of children aged 10 to 15 who experienced victimisation in the last year (preferred measure), by personal characteristics, England and Wales, year ending March 2025",Link to Table A16,unknown
Table A17,"Proportion of children aged 10 to 15 who experienced victimisation in the last year (preferred measure), by household and area characteristics, England and Wales, year ending March 2025",Link to Table A17,unknown
Table A18,"Number of Child Sexual Abuse crimes - combining crimes flagged as Child Sexual Abuse and Indecent Images of Children (IIOC) crimes; plus crimes flagged as Child Sexual Exploitation, by police force area (Official statistics in development)",Link to Table A18,unknown
Table B1,"Perceptions of changing crime levels, year ending December 1996 to year ending March 2025",Link to Table B1,unknown
Table B2,"Perceptions of changing crime levels, people aged 16 and over, by personal characteristics, year ending March 2025",Link to Table B2,unknown
Table B3,"Perceptions of changing crime levels, people aged 16 and over, by household and area characteristics, year ending March 2025",Link to Table B3,unknown
Table B4,"Percentage of people with high levels of worry about crime, people aged 16 and over, year ending December 1992 to year ending March 2025",Link to Table B4,unknown
Table B5,"Worry about crime by personal characteristics, people aged 16 and over, year ending March 2025",Link to Table B5,unknown
Table B6,"Worry about crime by household and area characteristics, people aged 16 and over, year ending March 2025",Link to Table B6,unknown
Table B7,"Trends in percentage of people aged 16 and over who felt very/fairly safe walking alone after dark, by sex, year ending December 1994 to year ending March 2025",Link to Table B7,unknown
Table B8,"Percentage of people aged 16 and over who felt very or fairly safe when walking alone after dark, by personal characteristics, year ending March 2025",Link to Table B8,unknown
Table B9,"Percentage of people aged 16 and over who felt very or fairly safe when walking alone after dark, by household and area characteristics, year ending March 2025",Link to Table B9,unknown
Table C1,"Trends in experience of anti-social behaviour (ASB) in local area, people aged 16 and over, England and Wales, year ending March 2013 to year ending March 2025",Link to Table C1,unknown
Table C2,"Experience of anti-social behaviour in local area, by personal characteristics, people aged 16 and over, England and Wales, year ending March 2025",Link to Table C2,unknown
Table C3,"Experience of anti-social behaviour in local area, by household and area characteristics, people aged 16 and over, England and Wales, year ending March 2025",Link to Table C3,unknown
Table C4,"The types of anti-social behaviour (ASB) experienced/witnessed and the reasons for not reporting, people aged 16 and over, England and Wales, year ending March 2025",Link to Table C4,unknown
Table C5,"How often anti-social behaviour (ASB) was experienced or witnessed in the local area (%), people aged 16 and over, England and Wales, year ending March 2025",Link to Table C5,unknown
Table C6,"The types of anti-social behaviour (ASB) experienced/witnessed, and the organisations it was reported to (%), people aged 16 and over, England and Wales, year ending March 2025",Link to Table C6,unknown
Table C7,"The types of anti-social behaviour (ASB) experienced/witnessed and satisfaction with the response by the organisation it was reported to (%), people aged 16 and over, England and Wales, year ending March 2025",Link to Table C7,unknown
Table C8,"Trends in anti-social behaviour indicators, with percentage of respondents saying there is a very or fairly big problem in their area, year ending December 1992 to year ending March 2025",Link to Table C8,unknown
Table C9,"High levels of perceived anti-social behaviour in local area, people aged 16 and over, by personal characteristics, year ending March 2025",Link to Table C9,unknown
Table C10,"High levels of perceived anti-social behaviour in local area, people aged 16 and over, by household and area characteristics, year ending March 2025",Link to Table C10,unknown
Table C11,"Perceptions of changing anti-social behaviour (ASB) levels in the local area over the past couple of years, year ending March 2012 to year ending March 2025",Link to Table C11,unknown
Table C12,"Experiences of anti-social behaviour by police force area, people aged 16 and over, year ending March 2025",Link to Table C12,unknown
Table C13,"Experiences of frequent anti-social behaviour (weekly or more) by police force area, people aged 16 and over, year ending March 2025",Link to Table C13,unknown
Table C14,"Anti-social behaviour incidents and rates per 1,000 population, by police force area, year ending March 2025",Link to Table C14,unknown
Table C15,"Anti-social behaviour incidents, by category of incident and by police force area, year ending March 2025",Link to Table C15,unknown
Table C16,"Community Safety Partnerships: Categories of anti-social behaviour incidents, year ending March 2024",Link to Table C16,unknown
Table C17,"Community Safety Partnerships: Categories of anti-social behaviour incidents, year ending March 2025",Link to Table C17,unknown
Table C18,"Community Safety Partnerships: Percentage change between categories of anti-social behaviour, year ending March 2024 and year ending March 2025",Link to Table C18,unknown
Table C19,"Community Safety Partnerships: Crime rate per 1,000 population for categories of anti-social behaviour, year ending March 2025",Link to Table C19,unknown
