"table s41a: prevalence of domestic abuse, sexual assault and stalking in the last year among adults aged 16 to 74, by type and sex, year ending march 2018 to year ending march 2020 csew1,2,3",unnamed: 1,unnamed: 2,unnamed: 3,unnamed: 4,unnamed: 5,unnamed: 6,unnamed: 7,unnamed: 8,unnamed: 9,unnamed: 10,unnamed: 11,age_band
England and Wales,,,,,,,,,,,Adults aged 16 to 743,unknown
,Men,,,,,,Women,,,,,unknown
,"Apr '17 to 
Mar '184,5","Apr '18 to 
Mar '194","Apr '19 to 
Mar '20","Apr '19 to Mar '20 
compared with",,,"Apr '17 to 
Mar '184,5","Apr '18 to 
Mar '194","Apr '19 to 
Mar '20","Apr '19 to Mar '20 
compared with",,unknown
,,,,"Apr '17 to 
Mar '18","Apr '18 to 
Mar '19",,,,,"Apr '17 to 
Mar '18","Apr '18 to 
Mar '19",unknown
,"Percentage who were victims 
once or more",,,Statistically significant difference6,,,"Percentage who were victims
once or more",,,Statistically significant difference6,,unknown
"Any domestic abuse (partner or family non-physical abuse, threats, force, sexual assault or stalking)",3.7176504041268013,3.7572395513501764,3.6025610995387174,,,,6.938693743857272,7.4885088193731475,7.316400451564963,,,unknown
"Any partner abuse (non-physical abuse, threats, force, sexual assault or stalking)",2.385979540643113,2.7541219050951957,2.441942040231217,,,,5.500759874714803,5.61968859866154,5.600399616968888,,,unknown
"Any family abuse (non-physical abuse, threats, force, sexual assault or stalking)",1.72690903085295,1.3830140598047584,1.5084808367960718,,,,2.093874978458345,2.555971667331802,2.374200765591753,,,unknown
Partner abuse - non-sexual,2.1216462239816862,2.4642673540222106,2.0851133258686207,,,,4.974860099024248,4.790548606029917,4.927129901727842,,,unknown
"Non-physical abuse (emotional, financial)",1.3258908749980152,1.6000550306204466,1.4834478791411976,,,,3.946979077304605,3.801577354843076,3.7964250845242753,,,unknown
Threats or force,1.2411929394318315,1.328092779039013,1.0452873772218088,,,,2.6565232178013463,2.3808746450023484,2.5183716189149243,,,unknown
Threats,0.6431349818415021,0.640776877775772,0.5398744545354959,,,,2.058231727488938,1.8822259573279265,1.9132671423170728,,,unknown
Force,1.0443613184104996,1.0436614315510715,0.845776894191228,,,,1.4636299725156157,1.34901882843463,1.3884237540141666,,,unknown
Family abuse - non-sexual,1.5343627838081355,1.2649047301485248,1.2995133571581319,,,,1.6231376086843516,2.2436675980193033,2.0439269229042822,,,unknown
"Non-physical abuse (emotional, financial)",1.0895741698845665,0.6626875160694682,0.819940549437021,,,,1.2125396454542836,1.4391985030728789,1.4005163954993078,,,unknown
Threats or force,0.610823234525247,0.7893784338393183,0.6870010239620001,,,,0.8818871652251349,1.3224512412545923,1.021559846607413,,,unknown
Threats,0.3819412695781681,0.45506533091995144,0.5241956129262293,,,,0.7213379853629762,0.9642493422141415,0.8208459190538695,,,unknown
Force,0.356152157526628,0.4900071101154098,0.3262424704826059,,,,0.48673705416970825,0.678167202665311,0.4250283411721405,,,unknown
Any sexual assault (including attempts but excluding causing sexual activity without consent)7,1.0236118448254272,1.000072152340183,0.7395378889104095,,,,3.502981293486247,3.7120534046158906,2.8954027889027807,,*,unknown
Any sexual assault (including attempts)7,1.0262365766515835,1.0113452213369842,:,:,:,,3.5252343324021567,3.7405477087313654,:,:,:,unknown
Sexual assault by rape or penetration including attempts,0.05217141569801207,0.1999730069993804,0.07116121047484156,,,,0.751276604267344,0.910023808396199,0.8301113377814651,,,unknown
Sexual assault by rape or penetration excluding attempts,0.03973405079201557,0.12978531926461134,0.044846423842112786,,,,0.5163718376617138,0.37314044852093986,0.6089132487451019,,*,unknown
- Rape including attempts,0.03973860938384546,0.022068926293098628,0.0350010218475712,,,,0.536398605479459,0.5802090044213676,0.617186134335106,,,unknown
- Rape excluding attempts,0.039795995381765384,0.02210104712080006,0.03508253682590407,,,,0.3437570266349809,0.20461540956118368,0.4258512720203021,,*,unknown
- Assault by penetration including attempts,0.03328782219516265,0.1780199217636789,0.04573438023577371,,,,0.4439678840329299,0.5670029173354617,0.4950435543815132,,,unknown
- Assault by penetration excluding attempts,0.020830754154984057,0.1078314375248747,0.019387052800340403,,,,0.31987706805185867,0.24583573700795058,0.3399242123865724,,,unknown
"Causing sexual activity without consent7,8",0.010148877275003222,0.03922878976765168,:,:,:,,0.014546726406214024,0.009190363714970682,:,:,:,unknown
Indecent exposure or unwanted sexual touching,0.9878906947931693,0.9032232358131785,0.6908211135906341,,,,3.1637167244750337,3.149542309709856,2.4972390423687,,*,unknown
- Indecent exposure,0.310414934339282,0.1387853194862745,0.16354106696289986,,,,1.0091227635869553,0.7900009107267629,0.528971022122775,*,,unknown
- Unwanted sexual touching,0.7869090589454517,0.7845658248847729,0.5670823145967336,,,,2.6203325531517425,2.6833949315258363,2.174594714007272,,,unknown
Any sexual assault (including attempts) by a partner,0.06290910216659264,0.018127491884311443,0.07588207281046747,,,,0.28946037640135724,0.5930736137767034,0.5380015044765761,*,,unknown
Sexual assault by rape or penetration (including attempts) by a partner,0.010133630046883876,0,0.009890777139776357,,¬,,0.179309502461844,0.26847639365392406,0.36440873337618607,*,,unknown
Indecent exposure or unwanted sexual touching by a partner,0.05254282472860601,0.01805960694830049,0.06582944860555523,,,,0.20700230113348167,0.4117322296420006,0.3316609734036738,,,unknown
- Indecent exposure by a partner,0.0204278449112087,0.009975279676530092,0.007388429244353529,,,,0.04689775475594855,0.050458670810747716,0.026645824332778983,,,unknown
- Unwanted sexual touching by a partner,0.03235844535675378,0.008110456807909,0.05847140064337342,,,,0.20598263258176477,0.40265113743460623,0.31526865744494864,,,unknown
Any sexual assault (including attempts) by a family member,0.04022182731296262,0,0.022152604239703597,,¬,,0.11359675098856747,0.09349069924113457,0.06742677483419497,,,unknown
Sexual assault by rape or penetration (including attempts) by a family member,0.010214123977122617,0,0.005085386460152835,,¬,,0.06967797805388531,0.049002529212695906,0.025597816898912377,,,unknown
Indecent exposure or unwanted sexual touching by a family member,0.029863114375409238,0,0.017012470384542917,,¬,,0.05479059060588366,0.07939018465415568,0.059214442846844795,,,unknown
- Indecent exposure by a family member,0.02083122431772527,0,0.007388429244353529,,¬,,0.03017105335399661,0.007605194624697615,0.024088072573346504,,,unknown
- Unwanted sexual touching by a family member,0.008931457310397482,0,0.01697649524499806,,¬,,0.03639779188041641,0.0800384076751232,0.03552531905035191,,,unknown
Stalking,2.370486653492589,2.4646579162759306,2.5053121501517217,,,,4.602545431634463,4.473566024354888,4.579312452021263,,,unknown
Stalking by a partner,0.43244609024621816,0.5301505826964433,0.5085141373340757,,,,1.133734536301356,1.3109732698574317,0.9690093356579843,,*,unknown
Stalking by a family member,0.30143591298848843,0.14370168541351666,0.268548208331427,,,,0.5376748338462484,0.457604369557277,0.44290452367354605,,,unknown
"Unweighted base - number of adults4,9",6387,6005,11313,,,,7164,7183,13199,,,unknown
Source: Office for National Statistics - Crime Survey for England and Wales,,,,,,,,,,,,unknown
"1. Chapter 5 of the User Guide provides definitions of domestic abuse, sexual assault and stalking.",,,,,,,,,,,,unknown
"2. The sum of the overarching domestic abuse, sexual assault and stalking categories are not the sum of the sub-categories as some victims may be included in multiple categories as they can experience more than one type of abuse.",,,,,,,,,,,,unknown
"3. From April 2017, the upper age limit for the self-completion module was increased to ask all respondents aged 16 to 74.",,,,,,,,,,,,unknown
4. The sample size is lower for the years ending March 2018 and March 2019 due to use of a split-sample experiment. ,,,,,,,,,,,,unknown
"5. A small change to the weighting procedure was made in 2019. This change is being applied going forward and was incorporated into all historic datasets. The effect of this change will only have a negligible impact on the estimates in this table and therefore historic data have not been re-calculated using the new weights, except where direct comparisons were previously made to estimates. Years that have been re-calculated using the new weighting procedure are denoted by a 5.",,,,,,,,,,,,unknown
"6. Statistically significant change at the 5% level is indicated by an asterisk. For more information on statistical significance, see Chapter 8 of the User Guide.",,,,,,,,,,,,unknown
"7. The offence category 'Causing sexual activity without consent' was added to the total category of any sexual assault (including attempts) for the year ending March 2016 to the year ending March 2019. This category is not directly comparable with 22A 'Causing sexual activity without consent' offence category in Home Office Counting Rules (HOCR) as offence 22A has a wider definition than is covered in the CSEW. Questions on the offence category 'Causing sexual activity without consent' were removed the CSEW in the year ending March 2020,  therefore the total category of any sexual assault (including attempts) no longer includes this offence category.",,,,,,,,,,,,unknown
8. The category 'Causing sexual activity without consent' cannot be disaggregated by perpetrator as this was not asked of the respondent.,,,,,,,,,,,,unknown
9. The bases given are for any domestic abuse; the bases for the other measures presented will be similar.,,,,,,,,,,,,unknown
:   Denotes 'not applicable'.,,,,,,,,,,,,unknown
¬  Denotes where significance testing was not conducted due to one of the estimates being a 0. ,,,,,,,,,,,,unknown
